﻿REF_DATE,GEO,DGUID,Age group,Sex,Measured child body mass index,Characteristics,UOM,UOM_ID,SCALAR_FACTOR,SCALAR_ID,VECTOR,COORDINATE,VALUE,STATUS,SYMBOL,TERMINATED,DECIMALS
2004,Canada,2016A000011124,12 to 17 years,Both sexes,Total population for the variable measured child body mass index,Number of persons,Number,223,units,0,v114052841,1.3.1.1.1,2421300,,,,0
2015,Canada,2016A000011124,12 to 17 years,Both sexes,Total population for the variable measured child body mass index,Number of persons,Number,223,units,0,v114052841,1.3.1.1.1,2301700,,,,0
2004,Canada,2016A000011124,12 to 17 years,Both sexes,"Measured child body mass index, neither overweight nor obese",Number of persons,Number,223,units,0,v114052849,1.3.1.2.1,1615300,,,,0
2015,Canada,2016A000011124,12 to 17 years,Both sexes,"Measured child body mass index, neither overweight nor obese",Number of persons,Number,223,units,0,v114052849,1.3.1.2.1,1508700,,,,0
2004,Canada,2016A000011124,12 to 17 years,Both sexes,"Measured child body mass index, overweight",Number of persons,Number,223,units,0,v114052857,1.3.1.3.1,492800,,,,0
2015,Canada,2016A000011124,12 to 17 years,Both sexes,"Measured child body mass index, overweight",Number of persons,Number,223,units,0,v114052857,1.3.1.3.1,474600,,,,0
2004,Canada,2016A000011124,12 to 17 years,Both sexes,"Measured child body mass index, obese",Number of persons,Number,223,units,0,v114052865,1.3.1.4.1,313200,,,,0
2015,Canada,2016A000011124,12 to 17 years,Both sexes,"Measured child body mass index, obese",Number of persons,Number,223,units,0,v114052865,1.3.1.4.1,318400,,,,0
