﻿REF_DATE,GEO,DGUID,Age group,Sex,Children's physical activity,Characteristics,UOM,UOM_ID,SCALAR_FACTOR,SCALAR_ID,VECTOR,COORDINATE,VALUE,STATUS,SYMBOL,TERMINATED,DECIMALS
2015,Canada,2016A000011124,12 to 17 years,Both sexes,Total population for the variable children's physical activity,Number of persons,Number,223,units,0,v113442881,1.3.1.1.1,2279800,,,,0
2015,Canada,2016A000011124,12 to 17 years,Both sexes,"Children's physical activity, less than 7 hours per week",Number of persons,Number,223,units,0,v113442889,1.3.1.2.1,701600,,,,0
2015,Canada,2016A000011124,12 to 17 years,Both sexes,"Children's physical activity, 7 to 13 hours per week",Number of persons,Number,223,units,0,v113442897,1.3.1.3.1,833000,,,,0
2015,Canada,2016A000011124,12 to 17 years,Both sexes,"Children's physical activity, 14 to 20 hours per week",Number of persons,Number,223,units,0,v113442905,1.3.1.4.1,496000,,,,0
2015,Canada,2016A000011124,12 to 17 years,Both sexes,"Children's physical activity, 21 or more hours per week",Number of persons,Number,223,units,0,v113442913,1.3.1.5.1,249300,,,,0
